Run,host_pheno
ERR1913344,1
ERR1913345,1
ERR1913346,1
ERR1913347,1
ERR1913348,1
ERR1913349,1
ERR1913350,1
ERR1913351,1
ERR1913352,1
ERR1913353,1
ERR1913354,1
ERR1913355,1
ERR1913356,1
ERR1913357,1
ERR1913358,1
ERR1913359,1
ERR1913360,1
ERR1913361,1
ERR1913362,1
ERR1913363,1
ERR1913364,1
ERR1913365,1
ERR1913366,1
ERR1913367,1
ERR1913368,1
ERR1913369,1
ERR1913370,1
ERR1913371,1
ERR1913372,1
ERR1913373,1
ERR1913374,1
ERR1913375,1
ERR1913376,1
ERR1913377,1
ERR1913378,1
ERR1913379,1
ERR1913380,1
ERR1913381,1
ERR1913382,1
ERR1913383,1
ERR1913384,1
ERR1913385,1
ERR1913386,1
ERR1913387,1
ERR1913388,1
ERR1913389,1
ERR1913390,1
ERR1913391,1
ERR1913392,1
ERR1913393,1
ERR1913394,1
ERR1913395,1
ERR1913396,1
ERR1913397,1
ERR1913398,1
ERR1913399,1
ERR1913400,1
ERR1913401,1
ERR1913402,1
ERR1913403,1
ERR1913404,1
ERR1913405,1
ERR1913406,1
ERR1913407,1
ERR1913408,1
ERR1913409,1
ERR1913410,1
ERR1913411,1
ERR1913412,1
ERR1913413,1
ERR1913414,1
ERR1913415,1
ERR1913416,0
ERR1913417,0
ERR1913418,0
ERR1913419,0
ERR1913420,0
ERR1913421,0
ERR1913422,0
ERR1913423,0
ERR1913424,0
ERR1913425,0
ERR1913426,0
ERR1913427,0
ERR1913428,0
ERR1913429,0
ERR1913430,0
ERR1913431,0
ERR1913432,0
ERR1913433,0
ERR1913434,0
ERR1913435,0
ERR1913436,0
ERR1913437,0
ERR1913438,0
ERR1913439,0
ERR1913440,0
ERR1913441,0
ERR1913442,0
ERR1913443,0
ERR1913444,0
ERR1913445,0
ERR1913446,0
ERR1913447,0
ERR1913448,0
ERR1913449,0
ERR1913450,0
ERR1913451,0
ERR1913452,0
ERR1913453,0
ERR1913454,0
ERR1913455,0
ERR1913456,0
ERR1913457,0
ERR1913458,0
ERR1913459,0
ERR1913460,0
ERR1913461,0
ERR1913462,0
ERR1913463,0
ERR1913464,1
ERR1913465,1
ERR1913466,1
ERR1913467,1
ERR1913468,1
ERR1913469,1
ERR1913470,1
ERR1913471,1
ERR1913472,1
ERR1913473,1
ERR1913474,1
ERR1913475,1
ERR1913476,1
ERR1913477,1
ERR1913478,1
ERR1913479,1
ERR1913480,1
ERR1913481,1
ERR1913482,1
ERR1913483,1
ERR1913484,1
ERR1913485,1
ERR1913486,1
ERR1913487,1
ERR1913488,0
ERR1913489,0
ERR1913490,0
ERR1913491,0
ERR1913492,0
ERR1913493,0
ERR1913494,0
ERR1913495,0
ERR1913496,0
ERR1913497,0
ERR1913498,0
ERR1913499,0
ERR1913500,0
ERR1913501,0
ERR1913502,0
ERR1913503,0
ERR1913504,0
ERR1913505,0
ERR1913506,0
ERR1913507,0
ERR1913508,0
ERR1913509,0
ERR1913510,0
ERR1913511,0
ERR1913512,1
ERR1913513,1
ERR1913514,1
ERR1913515,1
ERR1913516,1
ERR1913517,1
ERR1913518,1
ERR1913519,1
ERR1913520,1
ERR1913521,1
ERR1913522,1
ERR1913523,1
ERR1913524,1
ERR1913525,1
ERR1913526,1
ERR1913527,1
ERR1913528,1
ERR1913529,1
ERR1913530,1
ERR1913531,1
ERR1913532,1
ERR1913533,1
ERR1913534,1
ERR1913535,1
ERR1913536,0
ERR1913537,0
ERR1913538,0
ERR1913539,0
ERR1913540,0
ERR1913541,0
ERR1913542,0
ERR1913543,0
ERR1913544,0
ERR1913545,0
ERR1913546,0
ERR1913547,0
ERR1913548,0
ERR1913549,0
ERR1913550,0
ERR1913551,0
ERR1913552,0
ERR1913553,0
ERR1913554,0
ERR1913555,0
ERR1913556,0
ERR1913557,0
ERR1913558,0
ERR1913559,0
ERR1913560,1
ERR1913561,1
ERR1913562,1
ERR1913563,1
ERR1913564,1
ERR1913565,1
ERR1913566,1
ERR1913567,1
ERR1913568,1
ERR1913569,1
ERR1913570,1
ERR1913571,1
ERR1913572,1
ERR1913573,1
ERR1913574,1
ERR1913575,1
ERR1913576,1
ERR1913577,1
ERR1913578,1
ERR1913579,1
ERR1913580,1
ERR1913581,1
ERR1913582,1
ERR1913583,1
ERR1913584,0
ERR1913585,0
ERR1913586,0
ERR1913587,0
ERR1913588,0
ERR1913589,0
ERR1913590,0
ERR1913591,0
ERR1913592,0
ERR1913593,0
ERR1913594,0
ERR1913595,0
ERR1913596,0
ERR1913597,0
ERR1913598,0
ERR1913599,0
ERR1913600,0
ERR1913601,0
ERR1913602,0
ERR1913603,0
ERR1913604,0
ERR1913605,0
ERR1913606,0
ERR1913607,0
ERR1913608,0
ERR1913609,0
ERR1913610,0
ERR1913611,0
ERR1913612,0
ERR1913613,0
ERR1913614,0
ERR1913615,0
ERR1913616,0
ERR1913617,0
ERR1913618,0
ERR1913619,0
ERR1913620,0
ERR1913621,0
ERR1913622,0
ERR1913623,0
ERR1913624,0
ERR1913625,0
ERR1913626,0
ERR1913627,0
ERR1913628,0
ERR1913629,0
ERR1913630,0
ERR1913631,0
ERR1913632,1
ERR1913633,1
ERR1913634,1
ERR1913635,1
ERR1913636,1
ERR1913637,1
ERR1913638,1
ERR1913639,1
ERR1913640,1
ERR1913641,1
ERR1913642,1
ERR1913643,1
ERR1913644,1
ERR1913645,1
ERR1913646,1
ERR1913647,1
ERR1913648,1
ERR1913649,1
ERR1913650,1
ERR1913651,1
ERR1913652,1
ERR1913653,1
ERR1913654,1
ERR1913655,1
ERR1913656,1
ERR1913657,1
ERR1913658,1
ERR1913659,1
ERR1913660,1
ERR1913661,1
ERR1913662,1
ERR1913663,1
ERR1913664,1
ERR1913665,1
ERR1913666,1
ERR1913667,1
ERR1913668,1
ERR1913669,1
ERR1913670,1
ERR1913671,1
ERR1913672,1
ERR1913673,1
ERR1913674,1
ERR1913675,1
ERR1913676,1
ERR1913677,1
ERR1913678,1
ERR1913679,1
ERR1913680,1
ERR1913681,1
ERR1913682,1
ERR1913683,1
ERR1913684,1
ERR1913685,1
ERR1913686,1
ERR1913687,1
ERR1913688,1
ERR1913689,1
ERR1913690,1
ERR1913691,1
ERR1913692,1
ERR1913693,1
ERR1913694,1
ERR1913695,1
ERR1913696,1
ERR1913697,1
ERR1913698,1
ERR1913699,1
ERR1913700,1
ERR1913701,1
ERR1913702,1
ERR1913703,1
ERR1913704,1
ERR1913705,1
ERR1913706,1
ERR1913707,1
ERR1913708,1
ERR1913709,1
ERR1913710,1
ERR1913711,1
ERR1913712,1
ERR1913713,1
ERR1913714,1
ERR1913715,1
ERR1913716,1
ERR1913717,1
ERR1913718,1
ERR1913719,1
ERR1913720,1
ERR1913721,1
ERR1913722,1
ERR1913723,1
ERR1913724,1
ERR1913725,1
ERR1913726,1
ERR1913727,1
ERR1913728,0
ERR1913729,0
ERR1913730,0
ERR1913731,0
ERR1913732,0
ERR1913733,0
ERR1913734,0
ERR1913735,0
ERR1913736,0
ERR1913737,0
ERR1913738,0
ERR1913739,0
ERR1913740,0
ERR1913741,0
ERR1913742,0
ERR1913743,0
ERR1913744,0
ERR1913745,0
ERR1913746,0
ERR1913747,0
ERR1913748,0
ERR1913749,0
ERR1913750,0
ERR1913751,0
ERR1913752,0
ERR1913753,0
ERR1913754,0
ERR1913755,0
ERR1913756,0
ERR1913757,0
ERR1913758,0
ERR1913759,0
ERR1913760,0
ERR1913761,0
ERR1913762,0
ERR1913763,0
ERR1913764,0
ERR1913765,0
ERR1913766,0
ERR1913767,0
ERR1913768,0
ERR1913769,0
ERR1913770,0
ERR1913771,0
ERR1913772,0
ERR1913773,0
ERR1913774,0
ERR1913775,0
ERR1913776,1
ERR1913777,1
ERR1913778,1
ERR1913779,1
ERR1913780,1
ERR1913781,1
ERR1913782,1
ERR1913783,1
ERR1913784,1
ERR1913785,1
ERR1913786,1
ERR1913787,1
ERR1913788,1
ERR1913789,1
ERR1913790,1
ERR1913791,1
ERR1913792,1
ERR1913793,1
ERR1913794,1
ERR1913795,1
ERR1913796,1
ERR1913797,1
ERR1913798,1
ERR1913799,1
ERR1913800,1
ERR1913801,1
ERR1913802,1
ERR1913803,1
ERR1913804,1
ERR1913805,1
ERR1913806,1
ERR1913807,1
ERR1913808,1
ERR1913809,1
ERR1913810,1
ERR1913811,1
ERR1913812,1
ERR1913813,1
ERR1913814,1
ERR1913815,1
ERR1913816,1
ERR1913817,1
ERR1913818,1
ERR1913819,1
ERR1913820,1
ERR1913821,1
ERR1913822,1
ERR1913823,1
ERR1913824,0
ERR1913825,0
ERR1913826,0
ERR1913827,0
ERR1913828,0
ERR1913829,0
ERR1913830,0
ERR1913831,0
ERR1913832,0
ERR1913833,0
ERR1913834,0
ERR1913835,0
ERR1913836,0
ERR1913837,0
ERR1913838,0
ERR1913839,0
ERR1913840,0
ERR1913841,0
ERR1913842,0
ERR1913843,0
ERR1913844,0
ERR1913845,0
ERR1913846,0
ERR1913847,0
ERR1913848,0
ERR1913849,0
ERR1913850,0
ERR1913851,0
ERR1913852,0
ERR1913853,0
ERR1913854,0
ERR1913855,0
ERR1913856,0
ERR1913857,0
ERR1913858,0
ERR1913859,0
ERR1913860,0
ERR1913861,0
ERR1913862,0
ERR1913863,0
ERR1913864,0
ERR1913865,0
ERR1913866,0
ERR1913867,0
ERR1913868,0
ERR1913869,0
ERR1913870,0
ERR1913871,0
ERR1913872,1
ERR1913873,1
ERR1913874,1
ERR1913875,1
ERR1913876,1
ERR1913877,1
ERR1913878,1
ERR1913879,1
ERR1913880,1
ERR1913881,1
ERR1913882,1
ERR1913883,1
ERR1913884,1
ERR1913885,1
ERR1913886,1
ERR1913887,1
ERR1913888,1
ERR1913889,1
ERR1913890,1
ERR1913891,1
ERR1913892,1
ERR1913893,1
ERR1913894,1
ERR1913895,1
ERR1913896,0
ERR1913897,0
ERR1913898,0
ERR1913899,0
ERR1913900,0
ERR1913901,0
ERR1913902,0
ERR1913903,0
ERR1913904,0
ERR1913905,0
ERR1913906,0
ERR1913907,0
ERR1913908,0
ERR1913909,0
ERR1913910,0
ERR1913911,0
ERR1913912,0
ERR1913913,0
ERR1913914,0
ERR1913915,0
ERR1913916,0
ERR1913917,0
ERR1913918,0
ERR1913919,0
ERR1913920,0
ERR1913921,0
ERR1913922,0
ERR1913923,0
ERR1913924,0
ERR1913925,0
ERR1913926,0
ERR1913927,0
ERR1913928,0
ERR1913929,0
ERR1913930,0
ERR1913931,0
ERR1913932,0
ERR1913933,0
ERR1913934,0
ERR1913935,0
ERR1913936,0
ERR1913937,0
ERR1913938,0
ERR1913939,0
ERR1913940,0
ERR1913941,0
ERR1913942,0
ERR1913943,0
ERR1913944,1
ERR1913945,1
ERR1913946,1
ERR1913947,1
ERR1913948,1
ERR1913949,1
ERR1913950,1
ERR1913951,1
ERR1913952,1
ERR1913953,1
ERR1913954,1
ERR1913955,1
ERR1913956,1
ERR1913957,1
ERR1913958,1
ERR1913959,1
ERR1913960,1
ERR1913961,1
ERR1913962,1
ERR1913963,1
ERR1913964,1
ERR1913965,1
ERR1913966,1
ERR1913967,1
ERR1913968,1
ERR1913969,1
ERR1913970,1
ERR1913971,1
ERR1913972,1
ERR1913973,1
ERR1913974,1
ERR1913975,1
ERR1913976,1
ERR1913977,1
ERR1913978,1
ERR1913979,1
ERR1913980,1
ERR1913981,1
ERR1913982,1
ERR1913983,1
ERR1913984,1
ERR1913985,1
ERR1913986,1
ERR1913987,1
ERR1913988,1
ERR1913989,1
ERR1913990,1
ERR1913991,1
ERR1913992,1
ERR1913993,1
ERR1913994,1
ERR1913995,1
ERR1913996,1
ERR1913997,1
ERR1913998,1
ERR1913999,1
ERR1914000,1
ERR1914001,1
ERR1914002,1
ERR1914003,1
ERR1914004,1
ERR1914005,1
ERR1914006,1
ERR1914007,1
ERR1914008,1
ERR1914009,1
ERR1914010,1
ERR1914011,1
ERR1914012,1
ERR1914013,1
ERR1914014,1
ERR1914015,1
ERR1914016,0
ERR1914017,0
ERR1914018,0
ERR1914019,0
ERR1914020,0
ERR1914021,0
ERR1914022,0
ERR1914023,0
ERR1914024,0
ERR1914025,0
ERR1914026,0
ERR1914027,0
ERR1914028,0
ERR1914029,0
ERR1914030,0
ERR1914031,0
ERR1914032,0
ERR1914033,0
ERR1914034,0
ERR1914035,0
ERR1914036,0
ERR1914037,0
ERR1914038,0
ERR1914039,0
ERR1914040,0
ERR1914041,0
ERR1914042,0
ERR1914043,0
ERR1914044,0
ERR1914045,0
ERR1914046,0
ERR1914047,0
ERR1914048,0
ERR1914049,0
ERR1914050,0
ERR1914051,0
ERR1914052,0
ERR1914053,0
ERR1914054,0
ERR1914055,0
ERR1914056,0
ERR1914057,0
ERR1914058,0
ERR1914059,0
ERR1914060,0
ERR1914061,0
ERR1914062,0
ERR1914063,0
ERR1914064,0
ERR1914065,0
ERR1914066,0
ERR1914067,0
ERR1914068,0
ERR1914069,0
ERR1914070,0
ERR1914071,0
ERR1914072,0
ERR1914073,0
ERR1914074,0
ERR1914075,0
ERR1914076,0
ERR1914077,0
ERR1914078,0
ERR1914079,0
ERR1914080,0
ERR1914081,0
ERR1914082,0
ERR1914083,0
ERR1914084,0
ERR1914085,0
ERR1914086,0
ERR1914087,0
ERR1914088,0
ERR1914089,0
ERR1914090,0
ERR1914091,0
ERR1914092,0
ERR1914093,0
ERR1914094,0
ERR1914095,0
ERR1914096,0
ERR1914097,0
ERR1914098,0
ERR1914099,0
ERR1914100,0
ERR1914101,0
ERR1914102,0
ERR1914103,0
ERR1914104,0
ERR1914105,0
ERR1914106,0
ERR1914107,0
ERR1914108,0
ERR1914109,0
ERR1914110,0
ERR1914111,0
ERR1914112,1
ERR1914113,1
ERR1914114,1
ERR1914115,1
ERR1914116,1
ERR1914117,1
ERR1914118,1
ERR1914119,1
ERR1914120,1
ERR1914121,1
ERR1914122,1
ERR1914123,1
ERR1914124,1
ERR1914125,1
ERR1914126,1
ERR1914127,1
ERR1914128,1
ERR1914129,1
ERR1914130,1
ERR1914131,1
ERR1914132,1
ERR1914133,1
ERR1914134,1
ERR1914135,1
ERR1914136,1
ERR1914137,1
ERR1914138,1
ERR1914139,1
ERR1914140,1
ERR1914141,1
ERR1914142,1
ERR1914143,1
ERR1914144,1
ERR1914145,1
ERR1914146,1
ERR1914147,1
ERR1914148,1
ERR1914149,1
ERR1914150,1
ERR1914151,1
ERR1914152,1
ERR1914153,1
ERR1914154,1
ERR1914155,1
ERR1914156,1
ERR1914157,1
ERR1914158,1
ERR1914159,1
ERR1914160,1
ERR1914161,1
ERR1914162,1
ERR1914163,1
ERR1914164,1
ERR1914165,1
ERR1914166,1
ERR1914167,1
ERR1914168,1
ERR1914169,1
ERR1914170,1
ERR1914171,1
ERR1914172,1
ERR1914173,1
ERR1914174,1
ERR1914175,1
ERR1914176,1
ERR1914177,1
ERR1914178,1
ERR1914179,1
ERR1914180,1
ERR1914181,1
ERR1914182,1
ERR1914183,1
ERR1914184,1
ERR1914185,1
ERR1914186,1
ERR1914187,1
ERR1914188,1
ERR1914189,1
ERR1914190,1
ERR1914191,1
ERR1914192,1
ERR1914193,1
ERR1914194,1
ERR1914195,1
ERR1914196,1
ERR1914197,1
ERR1914198,1
ERR1914199,1
ERR1914200,1
ERR1914201,1
ERR1914202,1
ERR1914203,1
ERR1914204,1
ERR1914205,1
ERR1914206,1
ERR1914207,1
ERR1914208,1
ERR1914209,1
ERR1914210,1
ERR1914211,1
ERR1914212,1
ERR1914213,1
ERR1914214,1
ERR1914215,1
ERR1914216,1
ERR1914217,1
ERR1914218,1
ERR1914219,1
ERR1914220,1
ERR1914221,1
ERR1914222,1
ERR1914223,1
ERR1914224,1
ERR1914225,1
ERR1914226,1
ERR1914227,1
ERR1914228,1
ERR1914229,1
ERR1914230,1
ERR1914231,1
ERR1914232,0
ERR1914233,0
ERR1914234,0
ERR1914235,0
ERR1914236,0
ERR1914237,0
ERR1914238,0
ERR1914239,0
ERR1914240,0
ERR1914241,0
ERR1914242,0
ERR1914243,0
ERR1914244,0
ERR1914245,0
ERR1914246,0
ERR1914247,0
ERR1914248,0
ERR1914249,0
ERR1914250,0
ERR1914251,0
ERR1914252,0
ERR1914253,0
ERR1914254,0
ERR1914255,0
ERR1914256,1
ERR1914257,1
ERR1914258,1
ERR1914259,1
ERR1914260,1
ERR1914261,1
ERR1914262,1
ERR1914263,1
ERR1914264,1
ERR1914265,1
ERR1914266,1
ERR1914267,1
ERR1914268,1
ERR1914269,1
ERR1914270,1
ERR1914271,1
ERR1914272,1
ERR1914273,1
ERR1914274,1
ERR1914275,1
ERR1914276,1
ERR1914277,1
ERR1914278,1
ERR1914279,1
ERR1914280,0
ERR1914281,0
ERR1914282,0
ERR1914283,0
ERR1914284,0
ERR1914285,0
ERR1914286,0
ERR1914287,0
ERR1914288,0
ERR1914289,0
ERR1914290,0
ERR1914291,0
ERR1914292,0
ERR1914293,0
ERR1914294,0
ERR1914295,0
ERR1914296,0
ERR1914297,0
ERR1914298,0
ERR1914299,0
ERR1914300,0
ERR1914301,0
ERR1914302,0
ERR1914303,0
ERR1914304,1
ERR1914305,1
ERR1914306,1
ERR1914307,1
ERR1914308,1
ERR1914309,1
ERR1914310,1
ERR1914311,1
ERR1914312,1
ERR1914313,1
ERR1914314,1
ERR1914315,1
ERR1914316,1
ERR1914317,1
ERR1914318,1
ERR1914319,1
ERR1914320,1
ERR1914321,1
ERR1914322,1
ERR1914323,1
ERR1914324,1
ERR1914325,1
ERR1914326,1
ERR1914327,1
ERR1914328,1
ERR1914329,1
ERR1914330,1
ERR1914331,1
ERR1914332,1
ERR1914333,1
ERR1914334,1
ERR1914335,1
ERR1914336,1
ERR1914337,1
ERR1914338,1
ERR1914339,1
ERR1914340,1
ERR1914341,1
ERR1914342,1
ERR1914343,1
ERR1914344,1
ERR1914345,1
ERR1914346,1
ERR1914347,1
ERR1914348,1
ERR1914349,1
ERR1914350,1
ERR1914351,1
ERR1914352,0
ERR1914353,0
ERR1914354,0
ERR1914355,0
ERR1914356,0
ERR1914357,0
ERR1914358,0
ERR1914359,0
ERR1914360,0
ERR1914361,0
ERR1914362,0
ERR1914363,0
ERR1914364,0
ERR1914365,0
ERR1914366,0
ERR1914367,0
ERR1914368,0
ERR1914369,0
ERR1914370,0
ERR1914371,0
ERR1914372,0
ERR1914373,0
ERR1914374,0
ERR1914375,0
ERR1914376,1
ERR1914377,1
ERR1914378,1
ERR1914379,1
ERR1914380,1
ERR1914381,1
ERR1914382,1
ERR1914383,1
ERR1914384,1
ERR1914385,1
ERR1914386,1
ERR1914387,1
ERR1914388,1
ERR1914389,1
ERR1914390,1
ERR1914391,1
ERR1914392,1
ERR1914393,1
ERR1914394,1
ERR1914395,1
ERR1914396,1
ERR1914397,1
ERR1914398,1
ERR1914399,1
ERR1914400,0
ERR1914401,0
ERR1914402,0
ERR1914403,0
ERR1914404,0
ERR1914405,0
ERR1914406,0
ERR1914407,0
ERR1914408,0
ERR1914409,0
ERR1914410,0
ERR1914411,0
ERR1914412,0
ERR1914413,0
ERR1914414,0
ERR1914415,0
ERR1914416,0
ERR1914417,0
ERR1914418,0
ERR1914419,0
ERR1914420,0
ERR1914421,0
ERR1914422,0
ERR1914423,0
ERR1914424,1
ERR1914425,1
ERR1914426,1
ERR1914427,1
ERR1914428,1
ERR1914429,1
ERR1914430,1
ERR1914431,1
ERR1914432,1
ERR1914433,1
ERR1914434,1
ERR1914435,1
ERR1914436,1
ERR1914437,1
ERR1914438,1
ERR1914439,1
ERR1914440,1
ERR1914441,1
ERR1914442,1
ERR1914443,1
ERR1914444,1
ERR1914445,1
ERR1914446,1
ERR1914447,1
ERR1914448,0
ERR1914449,0
ERR1914450,0
ERR1914451,0
ERR1914452,0
ERR1914453,0
ERR1914454,0
ERR1914455,0
ERR1914456,0
ERR1914457,0
ERR1914458,0
ERR1914459,0
ERR1914460,0
ERR1914461,0
ERR1914462,0
ERR1914463,0
ERR1914464,0
ERR1914465,0
ERR1914466,0
ERR1914467,0
ERR1914468,0
ERR1914469,0
ERR1914470,0
ERR1914471,0
ERR1914472,1
ERR1914473,1
ERR1914474,1
ERR1914475,1
ERR1914476,1
ERR1914477,1
ERR1914478,1
ERR1914479,1
ERR1914480,1
ERR1914481,1
ERR1914482,1
ERR1914483,1
ERR1914484,1
ERR1914485,1
ERR1914486,1
ERR1914487,1
ERR1914488,1
ERR1914489,1
ERR1914490,1
ERR1914491,1
ERR1914492,1
ERR1914493,1
ERR1914494,1
ERR1914495,1
ERR1914496,0
ERR1914497,0
ERR1914498,0
ERR1914499,0
ERR1914500,0
ERR1914501,0
ERR1914502,0
ERR1914503,0
ERR1914504,0
ERR1914505,0
ERR1914506,0
ERR1914507,0
ERR1914508,0
ERR1914509,0
ERR1914510,0
ERR1914511,0
ERR1914512,0
ERR1914513,0
ERR1914514,0
ERR1914515,0
ERR1914516,0
ERR1914517,0
ERR1914518,0
ERR1914519,0
ERR1914520,1
ERR1914521,1
ERR1914522,1
ERR1914523,1
ERR1914524,1
ERR1914525,1
ERR1914526,1
ERR1914527,1
ERR1914528,1
ERR1914529,1
ERR1914530,1
ERR1914531,1
ERR1914532,1
ERR1914533,1
ERR1914534,1
ERR1914535,1
ERR1914536,1
ERR1914537,1
ERR1914538,1
ERR1914539,1
ERR1914540,1
ERR1914541,1
ERR1914542,1
ERR1914543,1
ERR1914544,0
ERR1914545,0
ERR1914546,0
ERR1914547,0
ERR1914548,0
ERR1914549,0
ERR1914550,0
ERR1914551,0
ERR1914552,0
ERR1914553,0
ERR1914554,0
ERR1914555,0
ERR1914556,0
ERR1914557,0
ERR1914558,0
ERR1914559,0
ERR1914560,0
ERR1914561,0
ERR1914562,0
ERR1914563,0
ERR1914564,0
ERR1914565,0
ERR1914566,0
ERR1914567,0
ERR1914568,1
ERR1914569,1
ERR1914570,1
ERR1914571,1
ERR1914572,1
ERR1914573,1
ERR1914574,1
ERR1914575,1
ERR1914576,1
ERR1914577,1
ERR1914578,1
ERR1914579,1
ERR1914580,1
ERR1914581,1
ERR1914582,1
ERR1914583,1
ERR1914584,1
ERR1914585,1
ERR1914586,1
ERR1914587,1
ERR1914588,1
ERR1914589,1
ERR1914590,1
ERR1914591,1
ERR1914592,0
ERR1914593,0
ERR1914594,0
ERR1914595,0
ERR1914596,0
ERR1914597,0
ERR1914598,0
ERR1914599,0
ERR1914600,0
ERR1914601,0
ERR1914602,0
ERR1914603,0
ERR1914604,0
ERR1914605,0
ERR1914606,0
ERR1914607,0
ERR1914608,0
ERR1914609,0
ERR1914610,0
ERR1914611,0
ERR1914612,0
ERR1914613,0
ERR1914614,0
ERR1914615,0
ERR1914616,0
ERR1914617,0
ERR1914618,0
ERR1914619,0
ERR1914620,0
ERR1914621,0
ERR1914622,0
ERR1914623,0
ERR1914624,0
ERR1914625,0
ERR1914626,0
ERR1914627,0
ERR1914628,0
ERR1914629,0
ERR1914630,0
ERR1914631,0
ERR1914632,0
ERR1914633,0
ERR1914634,0
ERR1914635,0
ERR1914636,0
ERR1914637,0
ERR1914638,0
ERR1914639,0
ERR1914640,1
ERR1914641,1
ERR1914642,1
ERR1914643,1
ERR1914644,1
ERR1914645,1
ERR1914646,1
ERR1914647,1
ERR1914648,1
ERR1914649,1
ERR1914650,1
ERR1914651,1
ERR1914652,1
ERR1914653,1
ERR1914654,1
ERR1914655,1
ERR1914656,1
ERR1914657,1
ERR1914658,1
ERR1914659,1
ERR1914660,1
ERR1914661,1
ERR1914662,1
ERR1914663,1
ERR1914664,1
ERR1914665,1
ERR1914666,1
ERR1914667,1
ERR1914668,1
ERR1914669,1
ERR1914670,1
ERR1914671,1
ERR1914672,1
ERR1914673,1
ERR1914674,1
ERR1914675,1
ERR1914676,1
ERR1914677,1
ERR1914678,1
ERR1914679,1
ERR1914680,1
ERR1914681,1
ERR1914682,1
ERR1914683,1
ERR1914684,1
ERR1914685,1
ERR1914686,1
ERR1914687,1
ERR1914688,1
ERR1914689,1
ERR1914690,1
ERR1914691,1
ERR1914692,1
ERR1914693,1
ERR1914694,1
ERR1914695,1
ERR1914696,1
ERR1914697,1
ERR1914698,1
ERR1914699,1
ERR1914700,1
ERR1914701,1
ERR1914702,1
ERR1914703,1
ERR1914704,1
ERR1914705,1
ERR1914706,1
ERR1914707,1
ERR1914708,1
ERR1914709,1
ERR1914710,1
ERR1914711,1
ERR1914712,1
ERR1914713,1
ERR1914714,1
ERR1914715,1
ERR1914716,1
ERR1914717,1
ERR1914718,1
ERR1914719,1
ERR1914720,1
ERR1914721,1
ERR1914722,1
ERR1914723,1
ERR1914724,1
ERR1914725,1
ERR1914726,1
ERR1914727,1
ERR1914728,1
ERR1914729,1
ERR1914730,1
ERR1914731,1
ERR1914732,1
ERR1914733,1
ERR1914734,1
ERR1914735,1
ERR1914736,0
ERR1914737,0
ERR1914738,0
ERR1914739,0
ERR1914740,0
ERR1914741,0
ERR1914742,0
ERR1914743,0
ERR1914744,0
ERR1914745,0
ERR1914746,0
ERR1914747,0
ERR1914748,0
ERR1914749,0
ERR1914750,0
ERR1914751,0
ERR1914752,0
ERR1914753,0
ERR1914754,0
ERR1914755,0
ERR1914756,0
ERR1914757,0
ERR1914758,0
ERR1914759,0
ERR1914760,1
ERR1914761,1
ERR1914762,1
ERR1914763,1
ERR1914764,1
ERR1914765,1
ERR1914766,1
ERR1914767,1
ERR1914768,1
ERR1914769,1
ERR1914770,1
ERR1914771,1
ERR1914772,1
ERR1914773,1
ERR1914774,1
ERR1914775,1
ERR1914776,1
ERR1914777,1
ERR1914778,1
ERR1914779,1
ERR1914780,1
ERR1914781,1
ERR1914782,1
ERR1914783,1
ERR1914784,1
ERR1914785,1
ERR1914786,1
ERR1914787,1
ERR1914788,1
ERR1914789,1
ERR1914790,1
ERR1914791,1
ERR1914792,1
ERR1914793,1
ERR1914794,1
ERR1914795,1
ERR1914796,1
ERR1914797,1
ERR1914798,1
ERR1914799,1
ERR1914800,1
ERR1914801,1
ERR1914802,1
ERR1914803,1
ERR1914804,1
ERR1914805,1
ERR1914806,1
ERR1914807,1
ERR1914808,0
ERR1914809,0
ERR1914810,0
ERR1914811,0
ERR1914812,0
ERR1914813,0
ERR1914814,0
ERR1914815,0
ERR1914816,0
ERR1914817,0
ERR1914818,0
ERR1914819,0
ERR1914820,0
ERR1914821,0
ERR1914822,0
ERR1914823,0
ERR1914824,0
ERR1914825,0
ERR1914826,0
ERR1914827,0
ERR1914828,0
ERR1914829,0
ERR1914830,0
ERR1914831,0
ERR1914832,1
ERR1914833,1
ERR1914834,1
ERR1914835,1
ERR1914836,1
ERR1914837,1
ERR1914838,1
ERR1914839,1
ERR1914840,1
ERR1914841,1
ERR1914842,1
ERR1914843,1
ERR1914844,1
ERR1914845,1
ERR1914846,1
ERR1914847,1
ERR1914848,1
ERR1914849,1
ERR1914850,1
ERR1914851,1
ERR1914852,1
ERR1914853,1
ERR1914854,1
ERR1914855,1
ERR1914856,1
ERR1914857,1
ERR1914858,1
ERR1914859,1
ERR1914860,1
ERR1914861,1
ERR1914862,1
ERR1914863,1
ERR1914864,1
ERR1914865,1
ERR1914866,1
ERR1914867,1
ERR1914868,1
ERR1914869,1
ERR1914870,1
ERR1914871,1
ERR1914872,1
ERR1914873,1
ERR1914874,1
ERR1914875,1
ERR1914876,1
ERR1914877,1
ERR1914878,1
ERR1914879,1
ERR1914880,1
ERR1914881,1
ERR1914882,1
ERR1914883,1
ERR1914884,1
ERR1914885,1
ERR1914886,1
ERR1914887,1
ERR1914888,1
ERR1914889,1
ERR1914890,1
ERR1914891,1
ERR1914892,1
ERR1914893,1
ERR1914894,1
ERR1914895,1
ERR1914896,1
ERR1914897,1
ERR1914898,1
ERR1914899,1
ERR1914900,1
ERR1914901,1
ERR1914902,1
ERR1914903,1
ERR1914904,1
ERR1914905,1
ERR1914906,1
ERR1914907,1
ERR1914908,1
ERR1914909,1
ERR1914910,1
ERR1914911,1
ERR1914912,1
ERR1914913,1
ERR1914914,1
ERR1914915,1
ERR1914916,1
ERR1914917,1
ERR1914918,1
ERR1914919,1
ERR1914920,1
ERR1914921,1
ERR1914922,1
ERR1914923,1
ERR1914924,1
ERR1914925,1
ERR1914926,1
ERR1914927,1
ERR1914928,0
ERR1914929,0
ERR1914930,0
ERR1914931,0
ERR1914932,0
ERR1914933,0
ERR1914934,0
ERR1914935,0
ERR1914936,0
ERR1914937,0
ERR1914938,0
ERR1914939,0
ERR1914940,0
ERR1914941,0
ERR1914942,0
ERR1914943,0
ERR1914944,0
ERR1914945,0
ERR1914946,0
ERR1914947,0
ERR1914948,0
ERR1914949,0
ERR1914950,0
ERR1914951,0
ERR1914952,1
ERR1914953,1
ERR1914954,1
ERR1914955,1
ERR1914956,1
ERR1914957,1
ERR1914958,1
ERR1914959,1
ERR1914960,1
ERR1914961,1
ERR1914962,1
ERR1914963,1
ERR1914964,1
ERR1914965,1
ERR1914966,1
ERR1914967,1
ERR1914968,1
ERR1914969,1
ERR1914970,1
ERR1914971,1
ERR1914972,1
ERR1914973,1
ERR1914974,1
ERR1914975,1
ERR1914976,0
ERR1914977,0
ERR1914978,0
ERR1914979,0
ERR1914980,0
ERR1914981,0
ERR1914982,0
ERR1914983,0
ERR1914984,0
ERR1914985,0
ERR1914986,0
ERR1914987,0
ERR1914988,0
ERR1914989,0
ERR1914990,0
ERR1914991,0
ERR1914992,0
ERR1914993,0
ERR1914994,0
ERR1914995,0
ERR1914996,0
ERR1914997,0
ERR1914998,0
ERR1914999,0
ERR1915000,0
ERR1915001,0
ERR1915002,0
ERR1915003,0
ERR1915004,0
ERR1915005,0
ERR1915006,0
ERR1915007,0
ERR1915008,0
ERR1915009,0
ERR1915010,0
ERR1915011,0
ERR1915012,0
ERR1915013,0
ERR1915014,0
ERR1915015,0
ERR1915016,0
ERR1915017,0
ERR1915018,0
ERR1915019,0
ERR1915020,0
ERR1915021,0
ERR1915022,0
ERR1915023,0
ERR1915024,0
ERR1915025,0
ERR1915026,0
ERR1915027,0
ERR1915028,0
ERR1915029,0
ERR1915030,0
ERR1915031,0
ERR1915032,0
ERR1915033,0
ERR1915034,0
ERR1915035,0
ERR1915036,0
ERR1915037,0
ERR1915038,0
ERR1915039,0
ERR1915040,0
ERR1915041,0
ERR1915042,0
ERR1915043,0
ERR1915044,0
ERR1915045,0
ERR1915046,0
ERR1915047,0
ERR1915048,1
ERR1915049,1
ERR1915050,1
ERR1915051,1
ERR1915052,1
ERR1915053,1
ERR1915054,1
ERR1915055,1
ERR1915056,1
ERR1915057,1
ERR1915058,1
ERR1915059,1
ERR1915060,1
ERR1915061,1
ERR1915062,1
ERR1915063,1
ERR1915064,1
ERR1915065,1
ERR1915066,1
ERR1915067,1
ERR1915068,1
ERR1915069,1
ERR1915070,1
ERR1915071,1
ERR1915072,0
ERR1915073,0
ERR1915074,0
ERR1915075,0
ERR1915076,0
ERR1915077,0
ERR1915078,0
ERR1915079,0
ERR1915080,0
ERR1915081,0
ERR1915082,0
ERR1915083,0
ERR1915084,0
ERR1915085,0
ERR1915086,0
ERR1915087,0
ERR1915088,0
ERR1915089,0
ERR1915090,0
ERR1915091,0
ERR1915092,0
ERR1915093,0
ERR1915094,0
ERR1915095,0
ERR1915096,0
ERR1915097,0
ERR1915098,0
ERR1915099,0
ERR1915100,0
ERR1915101,0
ERR1915102,0
ERR1915103,0
ERR1915104,0
ERR1915105,0
ERR1915106,0
ERR1915107,0
ERR1915108,0
ERR1915109,0
ERR1915110,0
ERR1915111,0
ERR1915112,0
ERR1915113,0
ERR1915114,0
ERR1915115,0
ERR1915116,0
ERR1915117,0
ERR1915118,0
ERR1915119,0
ERR1915120,0
ERR1915121,0
ERR1915122,0
ERR1915123,0
ERR1915124,0
ERR1915125,0
ERR1915126,0
ERR1915127,0
ERR1915128,0
ERR1915129,0
ERR1915130,0
ERR1915131,0
ERR1915132,0
ERR1915133,0
ERR1915134,0
ERR1915135,0
ERR1915136,0
ERR1915137,0
ERR1915138,0
ERR1915139,0
ERR1915140,0
ERR1915141,0
ERR1915142,0
ERR1915143,0
ERR1915144,1
ERR1915145,1
ERR1915146,1
ERR1915147,1
ERR1915148,1
ERR1915149,1
ERR1915150,1
ERR1915151,1
ERR1915152,1
ERR1915153,1
ERR1915154,1
ERR1915155,1
ERR1915156,1
ERR1915157,1
ERR1915158,1
ERR1915159,1
ERR1915160,1
ERR1915161,1
ERR1915162,1
ERR1915163,1
ERR1915164,1
ERR1915165,1
ERR1915166,1
ERR1915167,1
ERR1915168,1
ERR1915169,1
ERR1915170,1
ERR1915171,1
ERR1915172,1
ERR1915173,1
ERR1915174,1
ERR1915175,1
ERR1915176,1
ERR1915177,1
ERR1915178,1
ERR1915179,1
ERR1915180,1
ERR1915181,1
ERR1915182,1
ERR1915183,1
ERR1915184,1
ERR1915185,1
ERR1915186,1
ERR1915187,1
ERR1915188,1
ERR1915189,1
ERR1915190,1
ERR1915191,1
ERR1915192,0
ERR1915193,0
ERR1915194,0
ERR1915195,0
ERR1915196,0
ERR1915197,0
ERR1915198,0
ERR1915199,0
ERR1915200,0
ERR1915201,0
ERR1915202,0
ERR1915203,0
ERR1915204,0
ERR1915205,0
ERR1915206,0
ERR1915207,0
ERR1915208,0
ERR1915209,0
ERR1915210,0
ERR1915211,0
ERR1915212,0
ERR1915213,0
ERR1915214,0
ERR1915215,0
ERR1915216,1
ERR1915217,1
ERR1915218,1
ERR1915219,1
ERR1915220,1
ERR1915221,1
ERR1915222,1
ERR1915223,1
ERR1915224,1
ERR1915225,1
ERR1915226,1
ERR1915227,1
ERR1915228,1
ERR1915229,1
ERR1915230,1
ERR1915231,1
ERR1915232,1
ERR1915233,1
ERR1915234,1
ERR1915235,1
ERR1915236,1
ERR1915237,1
ERR1915238,1
ERR1915239,1
ERR1915240,0
ERR1915241,0
ERR1915242,0
ERR1915243,0
ERR1915244,0
ERR1915245,0
ERR1915246,0
ERR1915247,0
ERR1915248,0
ERR1915249,0
ERR1915250,0
ERR1915251,0
ERR1915252,0
ERR1915253,0
ERR1915254,0
ERR1915255,0
ERR1915256,0
ERR1915257,0
ERR1915258,0
ERR1915259,0
ERR1915260,0
ERR1915261,0
ERR1915262,0
ERR1915263,0
ERR1915264,1
ERR1915265,1
ERR1915266,1
ERR1915267,1
ERR1915268,1
ERR1915269,1
ERR1915270,1
ERR1915271,1
ERR1915272,1
ERR1915273,1
ERR1915274,1
ERR1915275,1
ERR1915276,1
ERR1915277,1
ERR1915278,1
ERR1915279,1
ERR1915280,1
ERR1915281,1
ERR1915282,1
ERR1915283,1
ERR1915284,1
ERR1915285,1
ERR1915286,1
ERR1915287,1
ERR1915288,1
ERR1915289,1
ERR1915290,1
ERR1915291,1
ERR1915292,1
ERR1915293,1
ERR1915294,1
ERR1915295,1
ERR1915296,1
ERR1915297,1
ERR1915298,1
ERR1915299,1
ERR1915300,1
ERR1915301,1
ERR1915302,1
ERR1915303,1
ERR1915304,1
ERR1915305,1
ERR1915306,1
ERR1915307,1
ERR1915308,1
ERR1915309,1
ERR1915310,1
ERR1915311,1
ERR1915312,0
ERR1915313,0
ERR1915314,0
ERR1915315,0
ERR1915316,0
ERR1915317,0
ERR1915318,0
ERR1915319,0
ERR1915320,0
ERR1915321,0
ERR1915322,0
ERR1915323,0
ERR1915324,0
ERR1915325,0
ERR1915326,0
ERR1915327,0
ERR1915328,0
ERR1915329,0
ERR1915330,0
ERR1915331,0
ERR1915332,0
ERR1915333,0
ERR1915334,0
ERR1915335,0
ERR1915336,0
ERR1915337,0
ERR1915338,0
ERR1915339,0
ERR1915340,0
ERR1915341,0
ERR1915342,0
ERR1915343,0
ERR1915344,0
ERR1915345,0
ERR1915346,0
ERR1915347,0
ERR1915348,0
ERR1915349,0
ERR1915350,0
ERR1915351,0
ERR1915352,0
ERR1915353,0
ERR1915354,0
ERR1915355,0
ERR1915356,0
ERR1915357,0
ERR1915358,0
ERR1915359,0
ERR1915360,1
ERR1915361,1
ERR1915362,1
ERR1915363,1
ERR1915364,1
ERR1915365,1
ERR1915366,1
ERR1915367,1
ERR1915368,1
ERR1915369,1
ERR1915370,1
ERR1915371,1
ERR1915372,1
ERR1915373,1
ERR1915374,1
ERR1915375,1
ERR1915376,1
ERR1915377,1
ERR1915378,1
ERR1915379,1
ERR1915380,1
ERR1915381,1
ERR1915382,1
ERR1915383,1
ERR1915384,0
ERR1915385,0
ERR1915386,0
ERR1915387,0
ERR1915388,0
ERR1915389,0
ERR1915390,0
ERR1915391,0
ERR1915392,0
ERR1915393,0
ERR1915394,0
ERR1915395,0
ERR1915396,0
ERR1915397,0
ERR1915398,0
ERR1915399,0
ERR1915400,0
ERR1915401,0
ERR1915402,0
ERR1915403,0
ERR1915404,0
ERR1915405,0
ERR1915406,0
ERR1915407,0
ERR1915408,0
ERR1915409,0
ERR1915410,0
ERR1915411,0
ERR1915412,0
ERR1915413,0
ERR1915414,0
ERR1915415,0
ERR1915416,0
ERR1915417,0
ERR1915418,0
ERR1915419,0
ERR1915420,0
ERR1915421,0
ERR1915422,0
ERR1915423,0
ERR1915424,0
ERR1915425,0
ERR1915426,0
ERR1915427,0
ERR1915428,0
ERR1915429,0
ERR1915430,0
ERR1915431,0
ERR1915432,0
ERR1915433,0
ERR1915434,0
ERR1915435,0
ERR1915436,0
ERR1915437,0
ERR1915438,0
ERR1915439,0
ERR1915440,0
ERR1915441,0
ERR1915442,0
ERR1915443,0
ERR1915444,0
ERR1915445,0
ERR1915446,0
ERR1915447,0
ERR1915448,0
ERR1915449,0
ERR1915450,0
ERR1915451,0
ERR1915452,0
ERR1915453,0
ERR1915454,0
ERR1915455,0
ERR1915456,0
ERR1915457,0
ERR1915458,0
ERR1915459,0
ERR1915460,0
ERR1915461,0
ERR1915462,0
ERR1915463,0
ERR1915464,0
ERR1915465,0
ERR1915466,0
ERR1915467,0
ERR1915468,0
ERR1915469,0
ERR1915470,0
ERR1915471,0
ERR1915472,0
ERR1915473,0
ERR1915474,0
ERR1915475,0
ERR1915476,0
ERR1915477,0
ERR1915478,0
ERR1915479,0
ERR1915480,1
ERR1915481,1
ERR1915482,1
ERR1915483,1
ERR1915484,1
ERR1915485,1
ERR1915486,1
ERR1915487,1
ERR1915488,1
ERR1915489,1
ERR1915490,1
ERR1915491,1
ERR1915492,1
ERR1915493,1
ERR1915494,1
ERR1915495,1
ERR1915496,1
ERR1915497,1
ERR1915498,1
ERR1915499,1
ERR1915500,1
ERR1915501,1
ERR1915502,1
ERR1915503,1
ERR1915504,1
ERR1915505,1
ERR1915506,1
ERR1915507,1
ERR1915508,1
ERR1915509,1
ERR1915510,1
ERR1915511,1
ERR1915512,1
ERR1915513,1
ERR1915514,1
ERR1915515,1
ERR1915516,1
ERR1915517,1
ERR1915518,1
ERR1915519,1
ERR1915520,1
ERR1915521,1
ERR1915522,1
ERR1915523,1
ERR1915524,1
ERR1915525,1
ERR1915526,1
ERR1915527,1
ERR1915528,0
ERR1915529,0
ERR1915530,0
ERR1915531,0
ERR1915532,0
ERR1915533,0
ERR1915534,0
ERR1915535,0
ERR1915536,0
ERR1915537,0
ERR1915538,0
ERR1915539,0
ERR1915540,0
ERR1915541,0
ERR1915542,0
ERR1915543,0
ERR1915544,0
ERR1915545,0
ERR1915546,0
ERR1915547,0
ERR1915548,0
ERR1915549,0
ERR1915550,0
ERR1915551,0
ERR1915552,0
ERR1915553,0
ERR1915554,0
ERR1915555,0
ERR1915556,0
ERR1915557,0
ERR1915558,0
ERR1915559,0
ERR1915560,0
ERR1915561,0
ERR1915562,0
ERR1915563,0
ERR1915564,0
ERR1915565,0
ERR1915566,0
ERR1915567,0
ERR1915568,0
ERR1915569,0
ERR1915570,0
ERR1915571,0
ERR1915572,0
ERR1915573,0
ERR1915574,0
ERR1915575,0
ERR1915576,0
ERR1915577,0
ERR1915578,0
ERR1915579,0
ERR1915580,0
ERR1915581,0
ERR1915582,0
ERR1915583,0
ERR1915584,0
ERR1915585,0
ERR1915586,0
ERR1915587,0
ERR1915588,0
ERR1915589,0
ERR1915590,0
ERR1915591,0
ERR1915592,0
ERR1915593,0
ERR1915594,0
ERR1915595,0
ERR1915596,0
ERR1915597,0
ERR1915598,0
ERR1915599,0
ERR1915600,1
ERR1915601,1
ERR1915602,1
ERR1915603,1
ERR1915604,1
ERR1915605,1
ERR1915606,1
ERR1915607,1
ERR1915608,1
ERR1915609,1
ERR1915610,1
ERR1915611,1
ERR1915612,1
ERR1915613,1
ERR1915614,1
ERR1915615,1
ERR1915616,1
ERR1915617,1
ERR1915618,1
ERR1915619,1
ERR1915620,1
ERR1915621,1
ERR1915622,1
ERR1915623,1
ERR1915624,1
ERR1915625,1
ERR1915626,1
ERR1915627,1
ERR1915628,1
ERR1915629,1
ERR1915630,1
ERR1915631,1
ERR1915632,1
ERR1915633,1
ERR1915634,1
ERR1915635,1
ERR1915636,1
ERR1915637,1
ERR1915638,1
ERR1915639,1
ERR1915640,1
ERR1915641,1
ERR1915642,1
ERR1915643,1
ERR1915644,1
ERR1915645,1
ERR1915646,1
ERR1915647,1
ERR1915648,0
ERR1915649,0
ERR1915650,0
ERR1915651,0
ERR1915652,0
ERR1915653,0
ERR1915654,0
ERR1915655,0
ERR1915656,0
ERR1915657,0
ERR1915658,0
ERR1915659,0
ERR1915660,0
ERR1915661,0
ERR1915662,0
ERR1915663,0
ERR1915664,0
ERR1915665,0
ERR1915666,0
ERR1915667,0
ERR1915668,0
ERR1915669,0
ERR1915670,0
ERR1915671,0
ERR1915672,1
ERR1915673,1
ERR1915674,1
ERR1915675,1
ERR1915676,1
ERR1915677,1
ERR1915678,1
ERR1915679,1
ERR1915680,1
ERR1915681,1
ERR1915682,1
ERR1915683,1
ERR1915684,1
ERR1915685,1
ERR1915686,1
ERR1915687,1
ERR1915688,1
ERR1915689,1
ERR1915690,1
ERR1915691,1
ERR1915692,1
ERR1915693,1
ERR1915694,1
ERR1915695,1
ERR1915696,1
ERR1915697,1
ERR1915698,1
ERR1915699,1
ERR1915700,1
ERR1915701,1
ERR1915702,1
ERR1915703,1
ERR1915704,1
ERR1915705,1
ERR1915706,1
ERR1915707,1
ERR1915708,1
ERR1915709,1
ERR1915710,1
ERR1915711,1
ERR1915712,1
ERR1915713,1
ERR1915714,1
ERR1915715,1
ERR1915716,1
ERR1915717,1
ERR1915718,1
ERR1915719,1
ERR1915720,0
ERR1915721,0
ERR1915722,0
ERR1915723,0
ERR1915724,0
ERR1915725,0
ERR1915726,0
ERR1915727,0
ERR1915728,0
ERR1915729,0
ERR1915730,0
ERR1915731,0
ERR1915732,0
ERR1915733,0
ERR1915734,0
ERR1915735,0
ERR1915736,0
ERR1915737,0
ERR1915738,0
ERR1915739,0
ERR1915740,0
ERR1915741,0
ERR1915742,0
ERR1915743,0
ERR1915744,1
ERR1915745,1
ERR1915746,1
ERR1915747,1
ERR1915748,1
ERR1915749,1
ERR1915750,1
ERR1915751,1
ERR1915752,1
ERR1915753,1
ERR1915754,1
ERR1915755,1
ERR1915756,1
ERR1915757,1
ERR1915758,1
ERR1915759,1
ERR1915760,1
ERR1915761,1
ERR1915762,1
ERR1915763,1
ERR1915764,1
ERR1915765,1
ERR1915766,1
ERR1915767,1
ERR1915768,1
ERR1915769,1
ERR1915770,1
ERR1915771,1
ERR1915772,1
ERR1915773,1
ERR1915774,1
ERR1915775,1
ERR1915776,1
ERR1915777,1
ERR1915778,1
ERR1915779,1
ERR1915780,1
ERR1915781,1
ERR1915782,1
ERR1915783,1
ERR1915784,1
ERR1915785,1
ERR1915786,1
ERR1915787,1
ERR1915788,1
ERR1915789,1
ERR1915790,1
ERR1915791,1
ERR1915792,0
ERR1915793,0
ERR1915794,0
ERR1915795,0
ERR1915796,0
ERR1915797,0
ERR1915798,0
ERR1915799,0
ERR1915800,0
ERR1915801,0
ERR1915802,0
ERR1915803,0
ERR1915804,0
ERR1915805,0
ERR1915806,0
ERR1915807,0
ERR1915808,0
ERR1915809,0
ERR1915810,0
ERR1915811,0
ERR1915812,0
ERR1915813,0
ERR1915814,0
ERR1915815,0
ERR1915816,0
ERR1915817,0
ERR1915818,0
ERR1915819,0
ERR1915820,0
ERR1915821,0
ERR1915822,0
ERR1915823,0
ERR1915824,0
ERR1915825,0
ERR1915826,0
ERR1915827,0
ERR1915828,0
ERR1915829,0
ERR1915830,0
ERR1915831,0
ERR1915832,0
ERR1915833,0
ERR1915834,0
ERR1915835,0
ERR1915836,0
ERR1915837,0
ERR1915838,0
ERR1915839,0
ERR1915840,1
ERR1915841,1
ERR1915842,1
ERR1915843,1
ERR1915844,1
ERR1915845,1
ERR1915846,1
ERR1915847,1
ERR1915848,1
ERR1915849,1
ERR1915850,1
ERR1915851,1
ERR1915852,1
ERR1915853,1
ERR1915854,1
ERR1915855,1
ERR1915856,1
ERR1915857,1
ERR1915858,1
ERR1915859,1
ERR1915860,1
ERR1915861,1
ERR1915862,1
ERR1915863,1
ERR1915864,0
ERR1915865,0
ERR1915866,0
ERR1915867,0
ERR1915868,0
ERR1915869,0
ERR1915870,0
ERR1915871,0
ERR1915872,0
ERR1915873,0
ERR1915874,0
ERR1915875,0
ERR1915876,0
ERR1915877,0
ERR1915878,0
ERR1915879,0
ERR1915880,0
ERR1915881,0
ERR1915882,0
ERR1915883,0
ERR1915884,0
ERR1915885,0
ERR1915886,0
ERR1915887,0
ERR1915888,0
ERR1915889,0
ERR1915890,0
ERR1915891,0
ERR1915892,0
ERR1915893,0
ERR1915894,0
ERR1915895,0
ERR1915896,0
ERR1915897,0
ERR1915898,0
ERR1915899,0
ERR1915900,0
ERR1915901,0
ERR1915902,0
ERR1915903,0
ERR1915904,0
ERR1915905,0
ERR1915906,0
ERR1915907,0
ERR1915908,0
ERR1915909,0
ERR1915910,0
ERR1915911,0
ERR1915912,0
ERR1915913,0
ERR1915914,0
ERR1915915,0
ERR1915916,0
ERR1915917,0
ERR1915918,0
ERR1915919,0
ERR1915920,0
ERR1915921,0
ERR1915922,0
ERR1915923,0
ERR1915924,0
ERR1915925,0
ERR1915926,0
ERR1915927,0
ERR1915928,0
ERR1915929,0
ERR1915930,0
ERR1915931,0
ERR1915932,0
ERR1915933,0
ERR1915934,0
ERR1915935,0
ERR1915936,0
ERR1915937,0
ERR1915938,0
ERR1915939,0
ERR1915940,0
ERR1915941,0
ERR1915942,0
ERR1915943,0
ERR1915944,0
ERR1915945,0
ERR1915946,0
ERR1915947,0
ERR1915948,0
ERR1915949,0
ERR1915950,0
ERR1915951,0
ERR1915952,0
ERR1915953,0
ERR1915954,0
ERR1915955,0
ERR1915956,0
ERR1915957,0
ERR1915958,0
ERR1915959,0
ERR1915960,1
ERR1915961,1
ERR1915962,1
ERR1915963,1
ERR1915964,1
ERR1915965,1
ERR1915966,1
ERR1915967,1
ERR1915968,1
ERR1915969,1
ERR1915970,1
ERR1915971,1
ERR1915972,1
ERR1915973,1
ERR1915974,1
ERR1915975,1
ERR1915976,1
ERR1915977,1
ERR1915978,1
ERR1915979,1
ERR1915980,1
ERR1915981,1
ERR1915982,1
ERR1915983,1
ERR1915984,0
ERR1915985,0
ERR1915986,0
ERR1915987,0
ERR1915988,0
ERR1915989,0
ERR1915990,0
ERR1915991,0
ERR1915992,0
ERR1915993,0
ERR1915994,0
ERR1915995,0
ERR1915996,0
ERR1915997,0
ERR1915998,0
ERR1915999,0
ERR1916000,0
ERR1916001,0
ERR1916002,0
ERR1916003,0
ERR1916004,0
ERR1916005,0
ERR1916006,0
ERR1916007,0
ERR1916008,0
ERR1916009,0
ERR1916010,0
ERR1916011,0
ERR1916012,0
ERR1916013,0
ERR1916014,0
ERR1916015,0
ERR1916016,0
ERR1916017,0
ERR1916018,0
ERR1916019,0
ERR1916020,0
ERR1916021,0
ERR1916022,0
ERR1916023,0
ERR1916024,0
ERR1916025,0
ERR1916026,0
ERR1916027,0
ERR1916028,0
ERR1916029,0
ERR1916030,0
ERR1916031,0
ERR1916032,0
ERR1916033,0
ERR1916034,0
ERR1916035,0
ERR1916036,0
ERR1916037,0
ERR1916038,0
ERR1916039,0
ERR1916040,0
ERR1916041,0
ERR1916042,0
ERR1916043,0
ERR1916044,0
ERR1916045,0
ERR1916046,0
ERR1916047,0
ERR1916048,0
ERR1916049,0
ERR1916050,0
ERR1916051,0
ERR1916052,0
ERR1916053,0
ERR1916054,0
ERR1916055,0
ERR1916056,1
ERR1916057,1
ERR1916058,1
ERR1916059,1
ERR1916060,1
ERR1916061,1
ERR1916062,1
ERR1916063,1
ERR1916064,1
ERR1916065,1
ERR1916066,1
ERR1916067,1
ERR1916068,1
ERR1916069,1
ERR1916070,1
ERR1916071,1
ERR1916072,1
ERR1916073,1
ERR1916074,1
ERR1916075,1
ERR1916076,1
ERR1916077,1
ERR1916078,1
ERR1916079,1
ERR1916080,0
ERR1916081,0
ERR1916082,0
ERR1916083,0
ERR1916084,0
ERR1916085,0
ERR1916086,0
ERR1916087,0
ERR1916088,0
ERR1916089,0
ERR1916090,0
ERR1916091,0
ERR1916092,0
ERR1916093,0
ERR1916094,0
ERR1916095,0
ERR1916096,0
ERR1916097,0
ERR1916098,0
ERR1916099,0
ERR1916100,0
ERR1916101,0
ERR1916102,0
ERR1916103,0
ERR1916104,1
ERR1916105,1
ERR1916106,1
ERR1916107,1
ERR1916108,1
ERR1916109,1
ERR1916110,1
ERR1916111,1
ERR1916112,1
ERR1916113,1
ERR1916114,1
ERR1916115,1
ERR1916116,1
ERR1916117,1
ERR1916118,1
ERR1916119,1
ERR1916120,1
ERR1916121,1
ERR1916122,1
ERR1916123,1
ERR1916124,1
ERR1916125,1
ERR1916126,1
ERR1916127,1
ERR1916128,1
ERR1916129,1
ERR1916130,1
ERR1916131,1
ERR1916132,1
ERR1916133,1
ERR1916134,1
ERR1916135,1
ERR1916136,1
ERR1916137,1
ERR1916138,1
ERR1916139,1
ERR1916140,1
ERR1916141,1
ERR1916142,1
ERR1916143,1
ERR1916144,1
ERR1916145,1
ERR1916146,1
ERR1916147,1
ERR1916148,1
ERR1916149,1
ERR1916150,1
ERR1916151,1
ERR1916152,0
ERR1916153,0
ERR1916154,0
ERR1916155,0
ERR1916156,0
ERR1916157,0
ERR1916158,0
ERR1916159,0
ERR1916160,0
ERR1916161,0
ERR1916162,0
ERR1916163,0
ERR1916164,0
ERR1916165,0
ERR1916166,0
ERR1916167,0
ERR1916168,0
ERR1916169,0
ERR1916170,0
ERR1916171,0
ERR1916172,0
ERR1916173,0
ERR1916174,0
ERR1916175,0
ERR1916176,1
ERR1916177,1
ERR1916178,1
ERR1916179,1
ERR1916180,1
ERR1916181,1
ERR1916182,1
ERR1916183,1
ERR1916184,1
ERR1916185,1
ERR1916186,1
ERR1916187,1
ERR1916188,1
ERR1916189,1
ERR1916190,1
ERR1916191,1
ERR1916192,1
ERR1916193,1
ERR1916194,1
ERR1916195,1
ERR1916196,1
ERR1916197,1
ERR1916198,1
ERR1916199,1
ERR1916200,0
ERR1916201,0
ERR1916202,0
ERR1916203,0
ERR1916204,0
ERR1916205,0
ERR1916206,0
ERR1916207,0
ERR1916208,0
ERR1916209,0
ERR1916210,0
ERR1916211,0
ERR1916212,0
ERR1916213,0
ERR1916214,0
ERR1916215,0
ERR1916216,0
ERR1916217,0
ERR1916218,0
ERR1916219,0
ERR1916220,0
ERR1916221,0
ERR1916222,0
ERR1916223,0
ERR1916224,0
ERR1916225,0
ERR1916226,0
ERR1916227,0
ERR1916228,0
ERR1916229,0
ERR1916230,0
ERR1916231,0
ERR1916232,0
ERR1916233,0
ERR1916234,0
ERR1916235,0
ERR1916236,0
ERR1916237,0
ERR1916238,0
ERR1916239,0
ERR1916240,0
ERR1916241,0
ERR1916242,0
ERR1916243,0
ERR1916244,0
ERR1916245,0
ERR1916246,0
ERR1916247,0
ERR1916248,1
ERR1916249,1
ERR1916250,1
ERR1916251,1
ERR1916252,1
ERR1916253,1
ERR1916254,1
ERR1916255,1
ERR1916256,1
ERR1916257,1
ERR1916258,1
ERR1916259,1
ERR1916260,1
ERR1916261,1
ERR1916262,1
ERR1916263,1
ERR1916264,1
ERR1916265,1
ERR1916266,1
ERR1916267,1
ERR1916268,1
ERR1916269,1
ERR1916270,1
ERR1916271,1
ERR1916272,1
ERR1916273,1
ERR1916274,1
ERR1916275,1
ERR1916276,1
ERR1916277,1
ERR1916278,1
ERR1916279,1
ERR1916280,1
ERR1916281,1
ERR1916282,1
ERR1916283,1
ERR1916284,1
ERR1916285,1
ERR1916286,1
ERR1916287,1
ERR1916288,1
ERR1916289,1
ERR1916290,1
ERR1916291,1
ERR1916292,1
ERR1916293,1
ERR1916294,1
ERR1916295,1
ERR1916296,0
ERR1916297,0
ERR1916298,0
ERR1916299,0
ERR1916300,0
ERR1916301,0
ERR1916302,0
ERR1916303,0
ERR1916304,0
ERR1916305,0
ERR1916306,0
ERR1916307,0
ERR1916308,0
ERR1916309,0
ERR1916310,0
ERR1916311,0
ERR1916312,0
ERR1916313,0
ERR1916314,0
ERR1916315,0
ERR1916316,0
ERR1916317,0
ERR1916318,0
ERR1916319,0
ERR1916320,0
ERR1916321,0
ERR1916322,0
ERR1916323,0
ERR1916324,0
ERR1916325,0
ERR1916326,0
ERR1916327,0
ERR1916328,0
ERR1916329,0
ERR1916330,0
ERR1916331,0
ERR1916332,0
ERR1916333,0
ERR1916334,0
ERR1916335,0
ERR1916336,0
ERR1916337,0
ERR1916338,0
ERR1916339,0
ERR1916340,0
ERR1916341,0
ERR1916342,0
ERR1916343,0
ERR2402751,0
ERR2402753,0
ERR2402757,0
ERR2402758,0
ERR2402759,0
ERR2402760,0
ERR2402761,0
ERR2402762,0
ERR2402763,0
ERR2402764,0
ERR2402765,0
ERR2402766,0
ERR2402767,0
ERR2402768,0
ERR2402770,0
ERR2402778,0
ERR2402779,0
ERR2402780,0
ERR2402781,0
ERR2402782,0
ERR2402784,0
ERR2402787,0
ERR2402790,0
ERR2402794,0
ERR2402795,0
ERR2402796,0
ERR2402798,1
ERR2402799,1
ERR2402801,1
ERR2402803,1
ERR2402804,1
ERR2402807,1
ERR2402808,1
ERR2402809,1
ERR2402810,1
ERR2402814,1
ERR2402815,1
ERR2402816,1
ERR2402817,1
ERR2402818,1
ERR2402819,1
ERR2402820,1
ERR2402823,0
ERR2402829,0
ERR2402831,0
ERR2402835,0
ERR2402836,0
ERR2402837,0
ERR2402838,0
ERR2402839,0
ERR2402840,0
ERR2402842,0
ERR2402843,0
ERR2402844,0
ERR2402845,0
ERR2402750,0
ERR2402752,0
ERR2402754,0
ERR2402755,0
ERR2402756,0
ERR2402769,0
ERR2402771,0
ERR2402772,0
ERR2402773,0
ERR2402774,0
ERR2402775,0
ERR2402776,0
ERR2402777,0
ERR2402783,0
ERR2402785,0
ERR2402786,0
ERR2402788,0
ERR2402789,0
ERR2402791,0
ERR2402792,0
ERR2402793,0
ERR2402797,0
ERR2402800,1
ERR2402802,1
ERR2402805,1
ERR2402806,1
ERR2402811,1
ERR2402812,1
ERR2402813,1
ERR2402821,1
ERR2402822,0
ERR2402824,0
ERR2402825,0
ERR2402826,0
ERR2402827,0
ERR2402828,0
ERR2402830,0
ERR2402832,0
ERR2402833,0
ERR2402834,0
ERR2402841,0
